{
    "baseline_equity":  1.58603748,
    "dd_open_eq":  1.58603748,
    "dd_tripped":  true,
    "dd_day":  "2025-09-21",
    "pos_pct":  5
}
